Iteration,Time,Fitness,Best Iteration,Best Time,Best Fitness
0,0.000000,0,0.000000
14,0.000000,0,0.000000
23,0.000000,0,0.000000
33,0.000000,0,0.000000
41,0.000000,0,0.000000
48,0.000000,0,0.000000
63,0.000000,0,0.000000
72,0.000000,0,0.000000
80,0.000000,0,0.000000
88,0.000000,0,0.000000
97,0.000000,0,0.000000
