Iteration,Time,Fitness,Best Iteration,Best Time,Best Fitness
0,0.000000,0,0.000000
11,0.000000,0,0.000000
19,0.000000,0,0.000000
26,0.000000,0,0.000000
34,0.000000,0,0.000000
42,0.000000,0,0.000000
51,0.000000,0,0.000000
59,0.000000,0,0.000000
66,0.000000,0,0.000000
74,0.000000,0,0.000000
81,0.000000,0,0.000000
90,0.000000,0,0.000000
99,0.000000,0,0.000000
