Iteration,Time,Fitness,Best Iteration,Best Time,Best Fitness
0,0.000000,0,0.000000
7,0.000000,0,0.000000
16,0.000000,0,0.000000
28,0.000000,0,0.000000
36,0.000000,0,0.000000
45,0.000000,0,0.000000
52,0.000000,0,0.000000
60,0.000000,0,0.000000
67,0.000000,0,0.000000
76,0.000000,0,0.000000
84,0.000000,0,0.000000
91,0.000000,0,0.000000
99,0.000000,0,0.000000
