Iteration,Time,Fitness,Best Iteration,Best Time,Best Fitness
0,0.000000,0,0.000000
11,0.000000,0,0.000000
19,0.000000,0,0.000000
25,0.000000,0,0.000000
33,0.000000,0,0.000000
42,0.000000,0,0.000000
50,0.000000,0,0.000000
57,0.000000,0,0.000000
64,0.000000,0,0.000000
73,0.000000,0,0.000000
82,0.000000,0,0.000000
90,0.000000,0,0.000000
99,0.000000,0,0.000000
