Iteration,Time,Fitness,Best Iteration,Best Time,Best Fitness
1,0.000000,0,0.000000
13,0.000000,0,0.000000
23,0.000000,0,0.000000
31,0.000000,0,0.000000
39,0.000000,0,0.000000
46,0.000000,0,0.000000
54,0.000000,0,0.000000
61,0.000000,0,0.000000
69,0.000000,0,0.000000
75,0.000000,0,0.000000
83,0.000000,0,0.000000
92,0.000000,0,0.000000
99,0.000000,0,0.000000
