Iteration,Time,Fitness,Best Iteration,Best Time,Best Fitness
15,0.000000,0,0.000000
22,0.000000,0,0.000000
30,0.000000,0,0.000000
39,0.000000,0,0.000000
46,0.000000,0,0.000000
55,0.000000,0,0.000000
63,0.000000,0,0.000000
72,0.000000,0,0.000000
80,0.000000,0,0.000000
88,0.000000,0,0.000000
96,0.000000,0,0.000000
