Iteration,Time,Fitness,Best Iteration,Best Time,Best Fitness
1,0.000000,0,0.000000
7,0.000000,0,0.000000
17,0.000000,0,0.000000
25,0.000000,0,0.000000
38,0.000000,0,0.000000
46,0.000000,0,0.000000
55,0.000000,0,0.000000
62,0.000000,0,0.000000
71,0.000000,0,0.000000
78,0.000000,0,0.000000
87,0.000000,0,0.000000
95,0.000000,0,0.000000
