Iteration,Time,Fitness,Best Iteration,Best Time,Best Fitness
8,0.000000,0,0.000000
15,0.000000,0,0.000000
24,0.000000,0,0.000000
40,0.000000,0,0.000000
47,0.000000,0,0.000000
55,0.000000,0,0.000000
61,0.000000,0,0.000000
68,0.000000,0,0.000000
78,0.000000,0,0.000000
86,0.000000,0,0.000000
95,0.000000,0,0.000000
