Iteration,Time,Fitness,Best Iteration,Best Time,Best Fitness
0,0.000000,0,0.000000
20,0.000000,0,0.000000
35,0.000000,0,0.000000
44,0.000000,0,0.000000
51,0.000000,0,0.000000
59,0.000000,0,0.000000
65,0.000000,0,0.000000
73,0.000000,0,0.000000
79,0.000000,0,0.000000
87,0.000000,0,0.000000
94,0.000000,0,0.000000
