Iteration,Time,Fitness,Best Iteration,Best Time,Best Fitness
0,0.000000,0,0.000000
9,0.000000,0,0.000000
17,0.000000,0,0.000000
24,0.000000,0,0.000000
32,0.000000,0,0.000000
40,0.000000,0,0.000000
48,0.000000,0,0.000000
56,0.000000,0,0.000000
64,0.000000,0,0.000000
73,0.000000,0,0.000000
82,0.000000,0,0.000000
91,0.000000,0,0.000000
99,0.000000,0,0.000000
