Iteration,Time,Fitness,Best Iteration,Best Time,Best Fitness
0,0.000000,0,0.000000
9,0.000000,0,0.000000
18,0.000000,0,0.000000
32,0.000000,0,0.000000
40,0.000000,0,0.000000
47,0.000000,0,0.000000
55,0.000000,0,0.000000
63,0.000000,0,0.000000
72,0.000000,0,0.000000
80,0.000000,0,0.000000
87,0.000000,0,0.000000
95,0.000000,0,0.000000
