Iteration,Time,Fitness,Best Iteration,Best Time,Best Fitness
0,0.000000,0,0.000000
9,0.000000,0,0.000000
16,0.000000,0,0.000000
31,0.000000,0,0.000000
39,0.000000,0,0.000000
45,0.000000,0,0.000000
53,0.000000,0,0.000000
61,0.000000,0,0.000000
68,0.000000,0,0.000000
75,0.000000,0,0.000000
83,0.000000,0,0.000000
92,1.000000,91,1.000000
