Iteration,Time,Fitness,Best Iteration,Best Time,Best Fitness
0,0.000000,0,0.000000
8,0.000000,0,0.000000
15,0.000000,0,0.000000
24,0.000000,0,0.000000
31,0.000000,0,0.000000
39,0.000000,0,0.000000
47,0.000000,0,0.000000
54,0.000000,0,0.000000
62,0.000000,0,0.000000
71,0.000000,0,0.000000
79,0.000000,0,0.000000
88,0.000000,0,0.000000
95,0.000000,0,0.000000
