Iteration,Time,Fitness,Best Iteration,Best Time,Best Fitness
0,0.000000,0,0.000000
7,0.000000,0,0.000000
15,0.000000,0,0.000000
27,0.000000,0,0.000000
33,0.000000,0,0.000000
41,0.000000,0,0.000000
49,0.000000,0,0.000000
56,0.000000,0,0.000000
65,0.000000,0,0.000000
71,0.000000,0,0.000000
78,0.000000,0,0.000000
84,0.000000,0,0.000000
91,0.000000,0,0.000000
99,0.000000,0,0.000000
