Iteration,Time,Fitness,Best Iteration,Best Time,Best Fitness
0,0.000000,0,0.000000
8,0.000000,0,0.000000
18,0.000000,0,0.000000
31,0.000000,0,0.000000
40,0.000000,0,0.000000
47,0.000000,0,0.000000
55,0.000000,0,0.000000
62,0.000000,0,0.000000
70,0.000000,0,0.000000
76,0.000000,0,0.000000
84,0.000000,0,0.000000
91,0.000000,0,0.000000
99,0.000000,0,0.000000
