Iteration,Time,Fitness,Best Iteration,Best Time,Best Fitness
0,0.000000,0,0.000000
11,0.000000,0,0.000000
18,0.000000,0,0.000000
25,0.000000,0,0.000000
32,0.000000,0,0.000000
39,0.000000,0,0.000000
46,0.000000,0,0.000000
54,0.000000,0,0.000000
62,0.000000,0,0.000000
70,0.000000,0,0.000000
77,0.000000,0,0.000000
84,0.000000,0,0.000000
90,0.000000,0,0.000000
97,0.000000,0,0.000000
