Iteration,Time,Fitness,Best Iteration,Best Time,Best Fitness
1,0.000000,0,0.000000
9,0.000000,0,0.000000
16,0.000000,0,0.000000
24,0.000000,0,0.000000
33,0.000000,0,0.000000
40,0.000000,0,0.000000
47,0.000000,0,0.000000
54,0.000000,0,0.000000
62,0.000000,0,0.000000
69,0.000000,0,0.000000
78,0.000000,0,0.000000
88,0.000000,0,0.000000
95,0.000000,0,0.000000
