Iteration,Time,Fitness,Best Iteration,Best Time,Best Fitness
0,0.000000,0,0.000000
9,0.000000,0,0.000000
18,0.000000,0,0.000000
27,0.000000,0,0.000000
34,0.000000,0,0.000000
43,0.000000,0,0.000000
52,0.000000,0,0.000000
59,0.000000,0,0.000000
68,0.000000,0,0.000000
75,0.000000,0,0.000000
84,0.000000,0,0.000000
92,0.000000,0,0.000000
99,0.000000,0,0.000000
