Iteration,Time,Fitness,Best Iteration,Best Time,Best Fitness
0,0.000000,0,0.000000
9,0.000000,0,0.000000
18,0.000000,0,0.000000
29,0.000000,0,0.000000
36,0.000000,0,0.000000
45,0.000000,0,0.000000
53,1.000000,46,1.000000
62,1.000000,46,1.000000
71,1.000000,46,1.000000
78,1.000000,46,1.000000
87,1.000000,46,1.000000
94,1.000000,46,1.000000
