Iteration,Time,Fitness,Best Iteration,Best Time,Best Fitness
0,0.000000,0,0.000000
9,0.000000,0,0.000000
17,0.000000,0,0.000000
24,0.000000,0,0.000000
34,0.000000,0,0.000000
41,0.000000,0,0.000000
48,0.000000,0,0.000000
55,0.000000,0,0.000000
63,0.000000,0,0.000000
70,0.000000,0,0.000000
77,0.000000,0,0.000000
85,0.000000,0,0.000000
92,0.000000,0,0.000000
