Iteration,Time,Fitness,Best Iteration,Best Time,Best Fitness
0,0.000000,0,0.000000
8,0.000000,0,0.000000
16,0.000000,0,0.000000
24,0.000000,0,0.000000
32,0.000000,0,0.000000
39,0.000000,0,0.000000
48,0.000000,0,0.000000
56,0.000000,0,0.000000
63,0.000000,0,0.000000
70,0.000000,0,0.000000
78,0.000000,0,0.000000
85,0.000000,0,0.000000
94,0.000000,0,0.000000
