Iteration,Time,Fitness,Best Iteration,Best Time,Best Fitness
1,0.000000,0,0.000000
9,0.000000,0,0.000000
17,0.000000,0,0.000000
30,0.000000,0,0.000000
37,0.000000,0,0.000000
44,0.000000,0,0.000000
52,0.000000,0,0.000000
60,0.000000,0,0.000000
68,0.000000,0,0.000000
75,0.000000,0,0.000000
82,0.000000,0,0.000000
89,0.000000,0,0.000000
97,0.000000,0,0.000000
