Iteration,Time,Fitness,Best Iteration,Best Time,Best Fitness
0,0.000000,0,0.000000
7,0.000000,0,0.000000
14,0.000000,0,0.000000
24,0.000000,0,0.000000
32,0.000000,0,0.000000
40,0.000000,0,0.000000
48,0.000000,0,0.000000
56,0.000000,0,0.000000
64,0.000000,0,0.000000
72,0.000000,0,0.000000
79,0.000000,0,0.000000
86,0.000000,0,0.000000
95,0.000000,0,0.000000
