Iteration,Time,Fitness,Best Iteration,Best Time,Best Fitness
0,0.000000,0,0.000000
10,0.000000,0,0.000000
16,0.000000,0,0.000000
27,0.000000,0,0.000000
34,0.000000,0,0.000000
42,0.000000,0,0.000000
50,0.000000,0,0.000000
57,0.000000,0,0.000000
64,0.000000,0,0.000000
71,0.000000,0,0.000000
79,0.000000,0,0.000000
86,0.000000,0,0.000000
93,1.000000,93,1.000000
