Iteration,Time,Fitness,Best Iteration,Best Time,Best Fitness
0,0.000000,0,0.000000
14,0.000000,0,0.000000
23,0.000000,0,0.000000
31,0.000000,0,0.000000
41,0.000000,0,0.000000
48,0.000000,0,0.000000
56,0.000000,0,0.000000
63,0.000000,0,0.000000
71,0.000000,0,0.000000
79,0.000000,0,0.000000
87,0.000000,0,0.000000
94,0.000000,0,0.000000
