Iteration,Time,Fitness,Best Iteration,Best Time,Best Fitness
0,0.000000,0,0.000000
9,0.000000,0,0.000000
16,0.000000,0,0.000000
25,0.000000,0,0.000000
32,0.000000,0,0.000000
39,0.000000,0,0.000000
46,0.000000,0,0.000000
55,0.000000,0,0.000000
63,0.000000,0,0.000000
71,0.000000,0,0.000000
78,0.000000,0,0.000000
87,0.000000,0,0.000000
95,0.000000,0,0.000000
