Iteration,Time,Fitness,Best Iteration,Best Time,Best Fitness
0,0.000000,0,0.000000
10,0.000000,0,0.000000
22,0.000000,0,0.000000
30,0.000000,0,0.000000
37,0.000000,0,0.000000
45,0.000000,0,0.000000
51,0.000000,0,0.000000
58,0.000000,0,0.000000
65,0.000000,0,0.000000
72,0.000000,0,0.000000
80,0.000000,0,0.000000
87,0.000000,0,0.000000
94,0.000000,0,0.000000
