Iteration,Time,Fitness,Best Iteration,Best Time,Best Fitness
0,0.000000,0,0.000000
8,0.000000,0,0.000000
16,0.000000,0,0.000000
29,0.000000,0,0.000000
37,0.000000,0,0.000000
47,0.000000,0,0.000000
55,1.000000,53,1.000000
63,1.000000,53,1.000000
72,1.000000,53,1.000000
80,1.000000,53,1.000000
89,1.000000,53,1.000000
96,1.000000,53,1.000000
