Iteration,Time,Fitness,Best Iteration,Best Time,Best Fitness
0,0.000000,0,0.000000
7,0.000000,0,0.000000
16,0.000000,0,0.000000
24,0.000000,0,0.000000
32,0.000000,0,0.000000
40,0.000000,0,0.000000
46,0.000000,0,0.000000
54,0.000000,0,0.000000
62,0.000000,0,0.000000
70,0.000000,0,0.000000
78,0.000000,0,0.000000
85,0.000000,0,0.000000
93,0.000000,0,0.000000
